-- DigniAge / 知老 Demo seed
-- 全部为虚构演示数据
-- 不包含真实手机号、身份证号、真实地址、真实邮箱

insert into public.organizations (
  id,
  name,
  type,
  city,
  contact_name,
  contact_phone,
  description
)
values (
  '11111111-1111-1111-1111-111111111111',
  '知暮陪伴站',
  '社区关怀中心',
  '海岚市',
  '演示管理员',
  null,
  '用于演示知老卡、服务提醒、服务记录与机构动态的虚构机构。'
)
on conflict (id) do nothing;

insert into public.profiles (
  id,
  name,
  email,
  phone
)
values
  ('20000000-0000-0000-0000-000000000001', '演示管理员', null, null),
  ('20000000-0000-0000-0000-000000000002', '演示服务员', null, null),
  ('20000000-0000-0000-0000-000000000003', '演示志愿者', null, null)
on conflict (id) do nothing;

insert into public.organization_members (
  id,
  organization_id,
  user_id,
  email,
  name,
  role,
  role_name,
  status,
  joined_at
)
values
  (
    '30000000-0000-0000-0000-000000000001',
    '11111111-1111-1111-1111-111111111111',
    '20000000-0000-0000-0000-000000000001',
    null,
    '演示管理员',
    'org_admin',
    '机构管理员',
    'active',
    now()
  ),
  (
    '30000000-0000-0000-0000-000000000002',
    '11111111-1111-1111-1111-111111111111',
    '20000000-0000-0000-0000-000000000002',
    null,
    '演示服务员',
    'staff',
    '服务人员',
    'active',
    now()
  ),
  (
    '30000000-0000-0000-0000-000000000003',
    '11111111-1111-1111-1111-111111111111',
    '20000000-0000-0000-0000-000000000003',
    null,
    '演示志愿者',
    'volunteer',
    '志愿者',
    'active',
    now()
  )
on conflict (id) do nothing;

insert into public.elders (
  id,
  organization_id,
  name,
  age,
  birth_date,
  gender,
  nickname,
  birthday,
  former_job,
  life_experience,
  interests,
  favorite_topics,
  avoid_topics,
  communication_style,
  family_note,
  care_note_input,
  staff_note,
  summary,
  tags,
  communication_advice,
  care_note,
  next_suggestion,
  health_condition,
  care_notes_public,
  private_notes,
  status
)
values
  (
    '40000000-0000-0000-0000-000000000001',
    '11111111-1111-1111-1111-111111111111',
    '林清禾',
    79,
    '1947-03-18',
    '女',
    '清禾阿姨',
    '03-18',
    '纺织厂库管',
    '年轻时在纺织厂工作，后来常参与社区合唱。',
    '养花、旧歌、晒太阳',
    '["阳台花草","年轻时的工作故事","社区合唱"]'::jsonb,
    '["被频繁追问身体不适","突然切换话题"]'::jsonb,
    '先从轻松话题开始，语速放慢，多听少问。',
    '家属提醒字段留空，演示环境不放真实联系信息。',
    '上午状态通常更稳定，适合简短陪伴。',
    '聊到花草和唱歌时会明显更放松。',
    '林清禾喜欢从花草和旧歌慢慢聊起，适合温和陪伴。',
    '["爱花草","适合慢聊","演示数据"]'::jsonb,
    '可以先问最近花开得怎么样，再顺势聊到以前的合唱经历。',
    '不需要一次聊很多，保持轻松节奏即可。',
    '{"opening":"可以从阳台花草开场。","pace":"一次只问一个问题。","avoid":"避免连续追问不舒服的话题。","followUp":"若状态稳定，可邀请参加轻量活动。"}'::jsonb,
    null,
    '适合轻松聊天和短时活动。',
    '演示备注：无真实隐私。',
    'active'
  ),
  (
    '40000000-0000-0000-0000-000000000002',
    '11111111-1111-1111-1111-111111111111',
    '周砚秋',
    83,
    '1943-09-06',
    '男',
    '砚秋叔',
    '09-06',
    '机械绘图员',
    '做过机械绘图，也喜欢讲老电影和旧厂故事。',
    '象棋、老电影、收音机',
    '["象棋残局","老电影台词","年轻时的手艺活"]'::jsonb,
    '["被催着快点回答","被拿来和别人比较"]'::jsonb,
    '面对面交流更自然，适合先寒暄再进入熟悉话题。',
    '演示环境不设置家属联系方式。',
    '如情绪一般，可先做十分钟短陪伴。',
    '提到老电影时更愿意开口。',
    '周砚秋喜欢从象棋和老电影进入交流，重视被认真倾听。',
    '["老电影","象棋话题","演示数据"]'::jsonb,
    '可先请他讲一段喜欢的电影情节，再慢慢延伸。',
    '避免催促式交流，尊重表达节奏。',
    '{"opening":"先从最近想到的电影片段聊起。","pace":"放慢语速，少打断。","avoid":"避免比较和催促。","followUp":"如状态不错，可安排一次短探访。"}'::jsonb,
    null,
    '适合短探访、电话问候和轻交流。',
    '演示备注：无真实隐私。',
    'active'
  ),
  (
    '40000000-0000-0000-0000-000000000003',
    '11111111-1111-1111-1111-111111111111',
    '谢晚舟',
    76,
    '1950-11-22',
    '女',
    '晚舟奶奶',
    '11-22',
    '小学后勤老师',
    '长期在学校做后勤，喜欢手工、小点心和活动陪伴。',
    '手工、点心、戏曲',
    '["手工作品","社区活动","家常点心"]'::jsonb,
    '["过度正式的问答","突然否定她的做法"]'::jsonb,
    '边做边聊比单独提问更自然，多鼓励她分享经验。',
    '演示环境不设置家属联系方式。',
    '准备轻便材料即可，不必复杂。',
    '愿意教别人做简单手工。',
    '谢晚舟适合在轻活动中自然交流，容易在分享经验时获得成就感。',
    '["手工陪伴","活动友好","演示数据"]'::jsonb,
    '可以邀请她示范一个简单手工步骤，再顺势展开聊天。',
    '多肯定她的经验，减少连续提问。',
    '{"opening":"从今天想做什么小手工开始。","pace":"边做边聊。","avoid":"避免太正式的连续问答。","followUp":"适合邀请参加小型手工活动。"}'::jsonb,
    null,
    '适合轻量活动和小组陪伴。',
    '演示备注：无真实隐私。',
    'active'
  )
on conflict (id) do nothing;

insert into public.service_opportunities (
  id,
  organization_id,
  elder_id,
  type,
  title,
  description,
  status,
  due_date,
  source,
  created_by_user_id,
  created_by_name,
  created_by_role,
  assigned_to_user_id,
  assigned_to_member_id,
  assigned_to_name,
  assigned_role,
  assigned_at
)
values
  (
    '50000000-0000-0000-0000-000000000001',
    '11111111-1111-1111-1111-111111111111',
    '40000000-0000-0000-0000-000000000001',
    '重点关注',
    '建议安排一次温和回访',
    '近期适合用花草和旧歌做开场，完成一次短探访或电话问候。',
    'pending',
    '2026-06-18',
    'ai',
    null,
    'AI助手',
    'ai',
    '20000000-0000-0000-0000-000000000002',
    '30000000-0000-0000-0000-000000000002',
    '演示服务员',
    'staff',
    now()
  ),
  (
    '50000000-0000-0000-0000-000000000002',
    '11111111-1111-1111-1111-111111111111',
    '40000000-0000-0000-0000-000000000002',
    '电话问候',
    '本周安排一次轻量电话关怀',
    '从象棋或老电影话题进入，了解近期状态是否平稳。',
    'pending',
    '2026-06-19',
    'manual',
    '20000000-0000-0000-0000-000000000001',
    '演示管理员',
    'org_admin',
    '20000000-0000-0000-0000-000000000003',
    '30000000-0000-0000-0000-000000000003',
    '演示志愿者',
    'volunteer',
    now()
  ),
  (
    '50000000-0000-0000-0000-000000000003',
    '11111111-1111-1111-1111-111111111111',
    '40000000-0000-0000-0000-000000000003',
    '活动邀请',
    '邀请参加周末手工茶话会',
    '适合在小组活动中参与简单手工，边做边聊。',
    'pending',
    '2026-06-21',
    'rule',
    null,
    null,
    null,
    null,
    null,
    null,
    null,
    null
  )
on conflict (id) do nothing;

insert into public.service_records (
  id,
  organization_id,
  elder_id,
  related_opportunity_id,
  service_type,
  elder_status,
  content,
  new_info,
  next_suggestion,
  generated_opportunities,
  duration_hours,
  duration_status,
  confirmed_by,
  confirmed_at,
  operator_name,
  operator_id
)
values
  (
    '60000000-0000-0000-0000-000000000001',
    '11111111-1111-1111-1111-111111111111',
    '40000000-0000-0000-0000-000000000001',
    null,
    '探访',
    '平稳',
    '一起看了阳台上的花，聊到以前参加社区合唱时的趣事，整体交流轻松。',
    '聊到旧歌时更愿意主动分享。',
    '{"opening":"下次继续从花草或旧歌切入。","pace":"让她先讲完，再轻声回应。","avoid":"避免一下子问很多问题。","followUp":"若状态稳定，可邀请参加轻量活动。"}'::jsonb,
    '[]'::jsonb,
    1.0,
    'confirmed',
    '20000000-0000-0000-0000-000000000001',
    now(),
    '演示服务员',
    '20000000-0000-0000-0000-000000000002'
  ),
  (
    '60000000-0000-0000-0000-000000000002',
    '11111111-1111-1111-1111-111111111111',
    '40000000-0000-0000-0000-000000000002',
    null,
    '电话问候',
    '低落',
    '电话中简单聊了最近想到的老电影，愿意说几句，但整体兴致一般。',
    '如果先从熟悉的电影情节聊起，会更容易进入状态。',
    '{"opening":"先问最近想到哪部老电影。","pace":"控制在轻量、简短的节奏。","avoid":"不要催促。","followUp":"建议安排一次短探访。"}'::jsonb,
    '[]'::jsonb,
    0.4,
    'confirmed',
    '20000000-0000-0000-0000-000000000001',
    now(),
    '演示志愿者',
    '20000000-0000-0000-0000-000000000003'
  ),
  (
    '60000000-0000-0000-0000-000000000003',
    '11111111-1111-1111-1111-111111111111',
    '40000000-0000-0000-0000-000000000003',
    null,
    '活动',
    '开心',
    '一起做了简单纸花，她很乐意示范步骤，也会主动鼓励旁边的人。',
    '在教别人做手工时明显更有成就感。',
    '{"opening":"从今天想做哪种小手工开始。","pace":"边做边聊。","avoid":"避免太正式的连续提问。","followUp":"适合继续参加小型手工活动。"}'::jsonb,
    '[{"type":"activity_invitation","title":"继续参加小组手工活动","description":"适合在熟悉的小组活动中持续参与。"}]'::jsonb,
    1.5,
    'confirmed',
    '20000000-0000-0000-0000-000000000001',
    now(),
    '演示服务员',
    '20000000-0000-0000-0000-000000000002'
  )
on conflict (id) do nothing;

insert into public.news_posts (
  id,
  organization_id,
  scope,
  title,
  summary,
  content,
  category,
  status,
  author_id,
  author_name,
  published_at
)
values
  (
    '70000000-0000-0000-0000-000000000001',
    null,
    'platform',
    'Demo 版本说明',
    '当前公开仓库仅提供演示所需的虚构数据与基础流程。',
    '本演示项目用于说明长者关怀记录、服务提醒和机构协作的基础流程，不包含真实机构、真实老人或真实服务记录。',
    '系统',
    'published',
    null,
    '知老 Demo',
    now()
  ),
  (
    '70000000-0000-0000-0000-000000000002',
    '11111111-1111-1111-1111-111111111111',
    'organization',
    '本周轻量陪伴安排',
    '建议优先完成短探访、电话问候和一次小型活动陪伴。',
    '本周请先完成三类轻量服务：电话问候、短探访和手工茶话会陪伴。记录内容请保持简洁，不写入真实隐私信息。',
    '通知',
    'published',
    '20000000-0000-0000-0000-000000000001',
    '演示管理员',
    now()
  ),
  (
    '70000000-0000-0000-0000-000000000003',
    '11111111-1111-1111-1111-111111111111',
    'organization',
    '活动观察小结',
    '边做简单手工边聊天，更容易帮助部分长者放松。',
    '演示数据显示，在轻量手工活动中，部分长者更容易自然表达近况，也更愿意分享兴趣和经历。',
    '案例',
    'published',
    '20000000-0000-0000-0000-000000000002',
    '演示服务员',
    now()
  )
on conflict (id) do nothing;
